Patient_ID,MSE,AE,PSNR,SSIM,LPIPS
0.png,0.06273440271615982,18.842788696289062,12.024942398071289,0.3862474858760834,0.5903806090354919
1.png,0.16417568922042847,29.38835334777832,7.846911430358887,0.25149428844451904,0.13030047714710236
